{
  "Workflows": [
    {
      "Path": null,
      "SortBy": 0,
      "VariablesSectionElementsOrder": [],
      "ArgumentsSectionElementsOrder": null,
      "ConstantsSectionElementsOrder": [],
      "AddedNamespaces": null
    },
    {
      "Path": "Summarize Text.xaml",
      "SortBy": 0,
      "VariablesSectionElementsOrder": [
        "strSummary&Sequence_1",
        "strInput&Sequence_1"
      ],
      "ArgumentsSectionElementsOrder": [],
      "ConstantsSectionElementsOrder": [],
      "AddedNamespaces": null
    },
    {
      "Path": "Content Generation.xaml",
      "SortBy": 0,
      "VariablesSectionElementsOrder": [
        "strConentGeneration&Sequence_1",
        "strGenereatedText&Sequence_1",
        "strMasked&Sequence_1",
        "strInput&Sequence_1"
      ],
      "ArgumentsSectionElementsOrder": [],
      "ConstantsSectionElementsOrder": [],
      "AddedNamespaces": null
    },
    {
      "Path": "Main.xaml",
      "SortBy": 0,
      "VariablesSectionElementsOrder": [
        "dtmDate&Sequence_1",
        "lstDemo&Sequence_1",
        "DT&Sequence_1",
        "strRedactedText&Sequence_1",
        "strOutput&Sequence_1",
        "strInput&Sequence_1"
      ],
      "ArgumentsSectionElementsOrder": [],
      "ConstantsSectionElementsOrder": [],
      "AddedNamespaces": null
    },
    {
      "Path": "Workflow.xaml",
      "SortBy": 0,
      "VariablesSectionElementsOrder": [
        "tr&Sequence_1"
      ],
      "ArgumentsSectionElementsOrder": [],
      "ConstantsSectionElementsOrder": [],
      "AddedNamespaces": null
    },
    {
      "Path": "PII Filtering.xaml",
      "SortBy": 0,
      "VariablesSectionElementsOrder": [
        "strRedactedText&Sequence_1",
        "strInput&Sequence_1"
      ],
      "ArgumentsSectionElementsOrder": [],
      "ConstantsSectionElementsOrder": [],
      "AddedNamespaces": null
    },
    {
      "Path": "Language Detection.xaml",
      "SortBy": 0,
      "VariablesSectionElementsOrder": [
        "strInput&Sequence_1",
        "strLanguage&Sequence_1"
      ],
      "ArgumentsSectionElementsOrder": [],
      "ConstantsSectionElementsOrder": [],
      "AddedNamespaces": null
    },
    {
      "Path": "Rewrite.xaml",
      "SortBy": 0,
      "VariablesSectionElementsOrder": [
        "strOutput&Sequence_1",
        "strInput&Sequence_1"
      ],
      "ArgumentsSectionElementsOrder": [],
      "ConstantsSectionElementsOrder": [],
      "AddedNamespaces": null
    },
    {
      "Path": "Generate Email.xaml",
      "SortBy": 0,
      "VariablesSectionElementsOrder": [
        "strOutput&Sequence_1",
        "strInput&Sequence_1"
      ],
      "ArgumentsSectionElementsOrder": [],
      "ConstantsSectionElementsOrder": [],
      "AddedNamespaces": null
    },
    {
      "Path": "Translate.xaml",
      "SortBy": 0,
      "VariablesSectionElementsOrder": [
        "strOutput&Sequence_1",
        "strInput&Sequence_1"
      ],
      "ArgumentsSectionElementsOrder": [],
      "ConstantsSectionElementsOrder": [],
      "AddedNamespaces": null
    },
    {
      "Path": "Image Analysis.xaml",
      "SortBy": 0,
      "VariablesSectionElementsOrder": [
        "strOutput&Sequence_1",
        "objOutput&Sequence_1"
      ],
      "ArgumentsSectionElementsOrder": [],
      "ConstantsSectionElementsOrder": [],
      "AddedNamespaces": null
    },
    {
      "Path": "Detect Object.xaml",
      "SortBy": 0,
      "VariablesSectionElementsOrder": [
        "arrObjects&Sequence_1",
        "strEntities&Sequence_1",
        "detectionObj&Sequence_1"
      ],
      "ArgumentsSectionElementsOrder": [],
      "ConstantsSectionElementsOrder": [],
      "AddedNamespaces": null
    },
    {
      "Path": "Signature Similarity.xaml",
      "SortBy": 0,
      "VariablesSectionElementsOrder": [
        "signObj&Sequence_1",
        "strReasoning&Sequence_1",
        "simScore&Sequence_1"
      ],
      "ArgumentsSectionElementsOrder": [],
      "ConstantsSectionElementsOrder": [],
      "AddedNamespaces": null
    },
    {
      "Path": "Reformat Demo.xaml",
      "SortBy": 0,
      "VariablesSectionElementsOrder": [
        "strOutput&Sequence_1"
      ],
      "ArgumentsSectionElementsOrder": [],
      "ConstantsSectionElementsOrder": [],
      "AddedNamespaces": null
    },
    {
      "Path": "Semantic Similarity.xaml",
      "SortBy": 0,
      "VariablesSectionElementsOrder": [
        "simSim&Sequence_1",
        "simExplain&Sequence_1",
        "simScore&Sequence_1"
      ],
      "ArgumentsSectionElementsOrder": [],
      "ConstantsSectionElementsOrder": [],
      "AddedNamespaces": null
    },
    {
      "Path": "Image Comparison.xaml",
      "SortBy": 0,
      "VariablesSectionElementsOrder": [
        "compObj&Sequence_1",
        "strDescription&Sequence_1",
        "imgCompare&Sequence_1"
      ],
      "ArgumentsSectionElementsOrder": [],
      "ConstantsSectionElementsOrder": [],
      "AddedNamespaces": null
    },
    {
      "Path": "Categorize Demo.xaml",
      "SortBy": 0,
      "VariablesSectionElementsOrder": [
        "strCategory&Sequence_1"
      ],
      "ArgumentsSectionElementsOrder": [],
      "ConstantsSectionElementsOrder": [],
      "AddedNamespaces": null
    }
  ]
}