{
  "assemblyStates": {
    "C2102F6AE56_imagemin.X1tHR1DEF2Q1vfwvx2brSMa3": {
      "namespace": "UiPath.IntegrationService.Activities.SWEntities.C2102F6AE56_imageminus_signcomparison_Create.Bundle",
      "providerName": "CustomEntities",
      "key": {
        "name": "UiPath.IntegrationService.Activities.SWEntities.C2102F6AE56_imageminus_signcomparison_Create",
        "hash": "SVVFZGNNZkNzUkxLMi84dVU0TDdjdEVWd05yRW9idU9yeEZBOGNaOFJ5QjI1QzdvYkRxNUdncml0Qy9wQVZSWGF6MThHdFdORisxNzZienRiMjE1K0E9PQ",
        "assemblyName": "C2102F6AE56_imagemin.X1tHR1DEF2Q1vfwvx2brSMa3"
      }
    },
    "C2102F6AE56_language.J25Pp3MXmuB17ukyc2DNnYU2": {
      "namespace": "UiPath.IntegrationService.Activities.SWEntities.C2102F6AE56_languageminus_signdetection_Create.Bundle",
      "providerName": "CustomEntities",
      "key": {
        "name": "UiPath.IntegrationService.Activities.SWEntities.C2102F6AE56_languageminus_signdetection_Create",
        "hash": "THBqaVZhWEk5Zi9LaUhqN2tXUjZTM2JlSSt4LzJhakl0ckZETjllWFdiT0ZjWno2dE9RWHc0R1N0QkF4RmNjOUE3V1ZxY1VIOW5YUmd2c09VYzlRRnc9PQ",
        "assemblyName": "C2102F6AE56_language.J25Pp3MXmuB17ukyc2DNnYU2"
      }
    },
    "C2102F6AE56_piiminus.WDJHl1VUlKG1QH7UJW1bs82": {
      "namespace": "UiPath.IntegrationService.Activities.SWEntities.C2102F6AE56_piiminus_signdetection_Create.Bundle",
      "providerName": "CustomEntities",
      "key": {
        "name": "UiPath.IntegrationService.Activities.SWEntities.C2102F6AE56_piiminus_signdetection_Create",
        "hash": "aXBiYzVlZTF2cHpNcVRaa2JqdERCTkk2Q2liZEwrVTZIUFJFQStuNVpIZS8rTjVvODh6Y3hwWmtVRks3WGIxNWNxNlY5R01qUGprWFVENTZwUmRUa1E9PQ",
        "assemblyName": "C2102F6AE56_piiminus.WDJHl1VUlKG1QH7UJW1bs82"
      }
    },
    "C2102F6AE56_v1_sub_o.9Dp0A3zFCrB1KXv5jIrcrV3": {
      "namespace": "UiPath.IntegrationService.Activities.SWEntities.C2102F6AE56_v1_sub_objectminus_signdetection_Create.Bundle",
      "providerName": "CustomEntities",
      "key": {
        "name": "UiPath.IntegrationService.Activities.SWEntities.C2102F6AE56_v1_sub_objectminus_signdetection_Create",
        "hash": "L21GU3FqMU41VHlWNzF6U3JYbjhGcUlIZGlSZUxISWRYQ0FpWDd3Uk51dC9tT3dZamlPNklGQmpvbDdTUjRNc2l6NVUvTE04eDFvOHVDbXR0U2pDZXc9PQ",
        "assemblyName": "C2102F6AE56_v1_sub_o.9Dp0A3zFCrB1KXv5jIrcrV3"
      }
    },
    "C2102F6AE56_ner_Crea.2N2Ns92DpM1oB4mu3VMZf": {
      "namespace": "UiPath.IntegrationService.Activities.SWEntities.C2102F6AE56_ner_Create.Bundle",
      "providerName": "CustomEntities",
      "key": {
        "name": "UiPath.IntegrationService.Activities.SWEntities.C2102F6AE56_ner_Create",
        "hash": "TUJsa3JYd1lIVTkyOWovRGluT3h0ZDNlMitTU2phbUpEaXVUOHhKMWhhZ2JpMm1ieWoyYjF2TytDcldGY08vMFlDQ0QvVHBNKzlHL0hOb1RWcVZ0bUE9PQ",
        "assemblyName": "C2102F6AE56_ner_Crea.2N2Ns92DpM1oB4mu3VMZf"
      }
    },
    "C2102F6AE56_semantic.gLqNF3r5xvH1FG3Oi3HaJ362": {
      "namespace": "UiPath.IntegrationService.Activities.SWEntities.C2102F6AE56_semanticminus_signsimilarity_Create.Bundle",
      "providerName": "CustomEntities",
      "key": {
        "name": "UiPath.IntegrationService.Activities.SWEntities.C2102F6AE56_semanticminus_signsimilarity_Create",
        "hash": "V21oRVdhSHlSbEg3ZVlXOGo0WWRiR0pYa0pwTlR2cUJOVHBaSmlvZGR2ekswQkRYdEpFcWE3TU56UkVtL0wzc0NKTllkajQxc2tTTks0L3RSZ0Ntd0E9PQ",
        "assemblyName": "C2102F6AE56_semantic.gLqNF3r5xvH1FG3Oi3HaJ362"
      }
    },
    "CF61E4C5CAD_generate.XCUhX4PZTOL1153F32FcLDa2": {
      "namespace": "UiPath.IntegrationService.Activities.SWEntities.CF61E4C5CAD_generateChatCompletion_Create.Bundle",
      "providerName": "CustomEntities",
      "key": {
        "name": "UiPath.IntegrationService.Activities.SWEntities.CF61E4C5CAD_generateChatCompletion_Create",
        "hash": "YkhlMjdUWjd3Z3AxMlBvLzBVeVIxZDE2U0w2Qi9HNmxFaUNYUWZhSzVZQ3A5cmkvNGdkdElTMXROVkJiaHc3bzV4ZGUxZW12VnBCRlNndUVoaGpud1E9PQ",
        "assemblyName": "CF61E4C5CAD_generate.XCUhX4PZTOL1153F32FcLDa2"
      }
    },
    "C2102F6AE56_v2_sub_g.gBvvv2SsieQ1V32911p5c4I4": {
      "namespace": "UiPath.IntegrationService.Activities.SWEntities.C2102F6AE56_v2_sub_generateChatCompletion_Create.Bundle",
      "providerName": "CustomEntities",
      "key": {
        "name": "UiPath.IntegrationService.Activities.SWEntities.C2102F6AE56_v2_sub_generateChatCompletion_Create",
        "hash": "WURZQ0EydURWdHVvSVJpeXlsS2RvRGlMeDdnNncxUGI5N05EQlIzRzg5TFNBaHpJNjdvb2d2NDU4eHN2R3l6YWsxWDFodEJ3Y1BETGlmVUtSckFrRFE9PQ",
        "assemblyName": "C2102F6AE56_v2_sub_g.gBvvv2SsieQ1V32911p5c4I4"
      }
    },
    "C2102F6AE56_generate.Ltg9Seuc6I1Z7bsH1VUO9Q4": {
      "namespace": "UiPath.IntegrationService.Activities.SWEntities.C2102F6AE56_generateChatCompletion_Create.Bundle",
      "providerName": "CustomEntities",
      "key": {
        "name": "UiPath.IntegrationService.Activities.SWEntities.C2102F6AE56_generateChatCompletion_Create",
        "hash": "YkhlMjdUWjd3Z3AxMlBvLzBVeVIxZDE2U0w2Qi9HNmxFaUNYUWZhSzVZQ3A5cmkvNGdkdElTMXROVkJiaHc3bzV4ZGUxZW12VnBCRlNndUVoaGpud1E9PQ",
        "assemblyName": "C2102F6AE56_generate.Ltg9Seuc6I1Z7bsH1VUO9Q4"
      }
    },
    "C2102F6AE56_signatur.NU27t3BcQgJ1mqZgn3oLEHk3": {
      "namespace": "UiPath.IntegrationService.Activities.SWEntities.C2102F6AE56_signatureSimilarity_Create.Bundle",
      "providerName": "CustomEntities",
      "key": {
        "name": "UiPath.IntegrationService.Activities.SWEntities.C2102F6AE56_signatureSimilarity_Create",
        "hash": "VFZ3RlNrODlTRmhVN2pxL0t6REI3OTV5MXhDMTlkenpjd2I1NFA5ZHgrTzdtMVBVejMrRGE4SUUvK29mU3hiT05LaWg3VEEwa1Z2dE9uU1Q0N0JyNEE9PQ",
        "assemblyName": "C2102F6AE56_signatur.NU27t3BcQgJ1mqZgn3oLEHk3"
      }
    },
    "CF61E4C5CAD_piiminus.du2rj2WHPoA1yEngh12Zr3d4": {
      "namespace": "UiPath.IntegrationService.Activities.SWEntities.CF61E4C5CAD_piiminus_signdetection_Create.Bundle",
      "providerName": "CustomEntities",
      "key": {
        "name": "UiPath.IntegrationService.Activities.SWEntities.CF61E4C5CAD_piiminus_signdetection_Create",
        "hash": "aXBiYzVlZTF2cHpNcVRaa2JqdERCTkk2Q2liZEwrVTZIUFJFQStuNVpIZS8rTjVvODh6Y3hwWmtVRks3WGIxNWNxNlY5R01qUGprWFVENTZwUmRUa1E9PQ",
        "assemblyName": "CF61E4C5CAD_piiminus.du2rj2WHPoA1yEngh12Zr3d4"
      }
    },
    "C2102F6AE56_v1_sub_c.Ajpkz1FbjQO1MRcL41UYdh31": {
      "namespace": "UiPath.IntegrationService.Activities.SWEntities.C2102F6AE56_v1_sub_chat_sub_completion_Create.Bundle",
      "providerName": "CustomEntities",
      "key": {
        "name": "UiPath.IntegrationService.Activities.SWEntities.C2102F6AE56_v1_sub_chat_sub_completion_Create",
        "hash": "TytOajRZSFFNZ1p3SUY5TGpMcHhkcXZaRWtCL212bGJCejFHbFFBYmQzWHM4bUZLSjBCb0FhM3hQSlZwZExQN1k3ZXlyd3UrNitnVUMrYkczd083ckE9PQ",
        "assemblyName": "C2102F6AE56_v1_sub_c.Ajpkz1FbjQO1MRcL41UYdh31"
      }
    },
    "CF61E4C5CAD_language.clpNW2nQc3G1LhhaX4YbDRI3": {
      "namespace": "UiPath.IntegrationService.Activities.SWEntities.CF61E4C5CAD_languageminus_signdetection_Create.Bundle",
      "providerName": "CustomEntities",
      "key": {
        "name": "UiPath.IntegrationService.Activities.SWEntities.CF61E4C5CAD_languageminus_signdetection_Create",
        "hash": "THBqaVZhWEk5Zi9LaUhqN2tXUjZTM2JlSSt4LzJhakl0ckZETjllWFdiT0ZjWno2dE9RWHc0R1N0QkF4RmNjOUE3V1ZxY1VIOW5YUmd2c09VYzlRRnc9PQ",
        "assemblyName": "CF61E4C5CAD_language.clpNW2nQc3G1LhhaX4YbDRI3"
      }
    },
    "C2102F6AE56_index_an.l6mx82JDLnD1B3lCy3MrZeh3": {
      "namespace": "UiPath.IntegrationService.Activities.SWEntities.C2102F6AE56_index_and_ingest_Create.Bundle",
      "providerName": "CustomEntities",
      "key": {
        "name": "UiPath.IntegrationService.Activities.SWEntities.C2102F6AE56_index_and_ingest_Create",
        "hash": "U0ZhNVpVRnNhZ2k4UUxkZ3VITGFTeHZpYlV5d0JRd2Z3djhlV25MdVdHZE9jVHFCOGxkWGc3WWl6RGF6S1RHZXBIa0F2QzNSQzEzNTFTb2xnVnEzekE9PQ",
        "assemblyName": "C2102F6AE56_index_an.l6mx82JDLnD1B3lCy3MrZeh3"
      }
    }
  }
}