{
  "assemblyStates": {
    "C2102F6AE56_generate.NKAFA4NyadO18jH6Z4WVT4g": {
      "namespace": "UiPath.IntegrationService.Activities.SWEntities.C2102F6AE56_generateChatCompletion_Create.Bundle",
      "providerName": "CustomEntities",
      "key": {
        "name": "UiPath.IntegrationService.Activities.SWEntities.C2102F6AE56_generateChatCompletion_Create",
        "hash": "YkhlMjdUWjd3Z3AxMlBvLzBVeVIxZDE2U0w2Qi9HNmxFaUNYUWZhSzVZQ3A5cmkvNGdkdElTMXROVkJiaHc3bzV4ZGUxZW12VnBCRlNndUVoaGpud1E9PQ",
        "assemblyName": "C2102F6AE56_generate.NKAFA4NyadO18jH6Z4WVT4g"
      }
    },
    "C2102F6AE56_piiminus.RKdZ34AzbaQ1tEbSh2szrUL4": {
      "namespace": "UiPath.IntegrationService.Activities.SWEntities.C2102F6AE56_piiminus_signdetection_Create.Bundle",
      "providerName": "CustomEntities",
      "key": {
        "name": "UiPath.IntegrationService.Activities.SWEntities.C2102F6AE56_piiminus_signdetection_Create",
        "hash": "aXBiYzVlZTF2cHpNcVRaa2JqdERCTkk2Q2liZEwrVTZIUFJFQStuNVpIZS8rTjVvODh6Y3hwWmtVRks3WGIxNWNxNlY5R01qUGprWFVENTZwUmRUa1E9PQ",
        "assemblyName": "C2102F6AE56_piiminus.RKdZ34AzbaQ1tEbSh2szrUL4"
      }
    }
  }
}